,City,Cloudiness,Country,Date,Humidity,Lat,Lng,Max Temp,Wind Speed
0,Mataura,100,NZ,1579878400,94,-46.19,168.86,64.0,1.01
1,Rikitea,0,PF,1579878400,74,-23.12,-134.97,77.22,17.16
2,Ushuaia,90,AR,1579878400,71,-54.8,-68.3,50.0,5.82
3,Cherskiy,77,RU,1579878400,96,68.75,161.3,-36.92,3.04
4,Chimbote,15,PE,1579878401,56,-9.09,-78.58,81.21,7.0
5,Jhabua,0,IN,1579878365,33,22.77,74.6,67.59,6.55
6,Torbay,40,CA,1579878399,77,47.67,-52.73,35.01,16.44
7,Basmat,0,IN,1579878401,38,19.32,77.17,76.91,3.94
8,George Town,20,MY,1579878282,51,5.41,100.34,86.0,9.17
9,Palu,87,ID,1579878401,96,-0.89,119.87,68.09,2.08
10,Vao,7,NC,1579878401,80,-22.67,167.48,77.04,20.6
11,Beringovskiy,100,RU,1579878401,98,63.05,179.32,-1.08,9.62
12,East London,20,ZA,1579878401,78,-33.02,27.91,73.4,18.34
13,Cape Town,0,ZA,1579878135,57,-33.93,18.42,84.99,14.99
14,Hithadhoo,53,MV,1579878402,77,-0.6,73.08,84.42,9.31
15,Chui,0,UY,1579878402,53,-33.7,-53.46,78.62,6.6
16,Brae,20,GB,1579878402,80,60.4,-1.35,42.8,13.87
17,Albany,1,US,1579878303,68,42.6,-73.97,37.0,3.36
18,Nikolskoye,33,RU,1579878402,86,59.7,30.79,36.0,6.71
19,Port Alfred,33,ZA,1579878402,85,-33.59,26.89,69.01,8.99
20,Tasiilaq,75,GL,1579878402,67,65.61,-37.64,19.4,31.09
21,Tarauaca,100,BR,1579878402,98,-8.16,-70.77,72.82,2.37
22,Atuona,30,PF,1579878402,79,-9.8,-139.03,80.31,11.65
23,Bilibino,82,RU,1579878403,74,68.05,166.44,-29.34,2.64
24,Kirakira,3,SB,1579878403,84,-10.45,161.92,77.36,3.29
25,Safaga,0,EG,1579878403,40,26.73,33.94,68.0,20.8
26,Marzuq,73,YE,1579878403,61,14.4,46.47,70.09,9.1
27,Broken Hill,0,AU,1579878403,28,-31.95,141.43,69.8,8.05
28,Methoni,40,GR,1579878403,51,36.82,21.7,59.0,5.82
29,Kruisfontein,43,ZA,1579878403,61,-34.0,24.73,77.56,12.03
30,San Patricio,40,MX,1579878403,83,19.22,-104.7,73.4,3.27
31,Mitsamiouli,90,KM,1579878404,100,-11.38,43.28,77.0,3.36
32,Port Hardy,75,CA,1579878404,100,50.7,-127.42,44.6,4.7
33,Valley City,90,US,1579878404,100,46.92,-98.0,21.2,5.82
34,Mar del Plata,0,AR,1579878311,43,-38.0,-57.56,95.0,23.04
35,Bredasdorp,0,ZA,1579878404,64,-34.53,20.04,77.0,9.17
36,Raudeberg,40,NO,1579878404,86,61.99,5.14,39.2,23.04
37,Bandarbeyla,100,SO,1579878404,85,9.49,50.81,78.8,17.9
38,Carnarvon,0,AU,1579878404,65,-24.87,113.63,80.6,19.46
39,Coolum Beach,100,AU,1579878404,93,-26.53,153.1,78.01,2.73
40,Dunedin,100,NZ,1579878371,72,-45.87,170.5,68.0,10.16
41,Nguruka,100,TZ,1579878404,86,-5.11,31.04,74.86,1.07
42,Birao,100,CF,1579878405,10,10.28,22.79,78.76,13.98
43,Thompson,75,CA,1579878405,84,55.74,-97.86,5.0,5.82
44,Belyy Yar,100,RU,1579878405,68,53.6,91.39,30.2,6.71
45,Halifax,90,CA,1579878137,78,44.65,-63.57,35.01,9.17
46,Lagunas,74,PE,1579878405,70,-5.23,-75.68,84.87,4.03
47,Alofi,90,NU,1579878405,94,-19.06,-169.92,78.8,4.7
48,Arshan,0,RU,1579878405,85,46.27,44.22,19.4,13.42
49,Hilo,90,US,1579878359,77,19.73,-155.09,69.8,4.7
50,Punta Arenas,90,CL,1579878466,81,-53.15,-70.92,51.8,12.75
51,Mbanza-Ngungu,68,CD,1579878466,84,-5.25,14.87,78.12,6.78
52,Vila Franca do Campo,40,PT,1579878466,71,37.72,-25.43,57.2,9.17
53,Egvekinot,86,RU,1579878466,86,66.32,-179.17,-11.15,4.18
54,Busselton,67,AU,1579878466,49,-33.65,115.33,66.99,14.18
55,Geraldton,0,AU,1579878466,73,-28.77,114.6,71.6,21.92
56,New Norfolk,100,AU,1579878466,51,-42.78,147.06,62.6,10.29
57,Dikson,100,RU,1579878466,97,73.51,80.55,-5.24,9.8
58,Ibipeba,100,BR,1579878467,93,-11.64,-42.01,68.11,2.73
59,Kumul,0,CN,1579878467,56,42.8,93.45,13.46,2.46
60,Fort Nelson,90,CA,1579878467,85,58.81,-122.7,12.2,3.0
61,Gordeyevka,100,RU,1579878467,87,52.96,31.97,35.19,16.26
62,Ribeira Grande,40,PT,1579878467,58,38.52,-28.7,59.0,6.93
63,Touros,75,BR,1579878467,100,-5.2,-35.46,68.0,13.87
64,Puerto Carreno,100,CO,1579878467,62,6.19,-67.49,86.0,10.29
65,Cockburn Town,40,TC,1579878467,57,21.46,-71.14,77.0,3.36
66,Thayetmyo,100,MM,1579878467,53,19.32,95.18,66.87,6.73
67,Tiksi,0,RU,1579878467,88,71.69,128.87,-33.86,5.79
68,Palauig,55,PH,1579878468,81,15.44,119.9,73.17,2.37
69,Celestun,91,MX,1579878468,85,20.87,-90.4,69.76,9.1
70,Klaksvik,100,FO,1579878468,69,62.23,-6.59,39.2,18.34
71,Cavalcante,100,BR,1579878468,98,-13.8,-47.46,64.26,10.16
72,Cap Malheureux,75,MU,1579878468,88,-19.98,57.61,82.4,6.93
73,Blagoyevo,82,RU,1579878468,99,63.37,47.92,-0.35,2.93
74,Provideniya,94,RU,1579878468,97,64.38,-173.3,-6.32,4.03
75,Borovsk,75,RU,1579878468,97,55.21,36.49,32.0,15.66
76,Tuktoyaktuk,90,CA,1579878185,76,69.45,-133.04,-4.0,11.41
77,Hermanus,0,ZA,1579878469,74,-34.42,19.23,84.99,8.01
78,Pitimbu,75,BR,1579878469,62,-7.47,-34.81,87.8,11.41
79,Takoradze,0,GH,1579878469,52,4.88,-1.76,91.38,10.98
80,Arlit,19,NE,1579878469,4,18.74,7.39,90.61,8.84
81,Cayenne,75,GF,1579878329,66,4.93,-52.33,86.0,11.41
82,Moranbah,97,AU,1579878469,81,-22.0,148.05,79.52,8.7
83,Necochea,0,AR,1579878469,51,-38.55,-58.74,90.0,11.01
84,Fortuna,90,US,1579878470,87,40.6,-124.16,53.6,3.36
85,Asau,29,RO,1579878470,55,46.43,26.4,39.2,12.75
86,Sao Felix do Xingu,86,BR,1579878470,67,-6.64,-51.99,85.48,4.16
87,Jamestown,90,US,1579878331,43,42.1,-79.24,42.01,6.93
88,Hobart,99,AU,1579878470,51,-42.88,147.33,62.6,10.29
89,Olafsvik,100,IS,1579878470,72,64.89,-23.71,31.21,6.62
90,Bethel,75,US,1579878357,64,41.37,-73.41,43.0,2.26
91,Sinnamary,100,GF,1579878470,79,5.38,-52.95,79.32,12.03
92,Linden,40,GY,1579878407,70,6.0,-58.3,84.2,6.93
93,Atbasar,100,KZ,1579878471,95,51.8,68.33,27.05,10.31
94,Saskylakh,100,RU,1579878471,83,71.92,114.08,-28.35,21.54
95,Iqaluit,20,CA,1579878471,60,63.75,-68.51,-25.01,11.41
96,Puerto Ayora,75,EC,1579878471,69,-0.74,-90.35,80.6,5.82
97,Clyde River,90,CA,1579878185,83,70.47,-68.59,-11.2,27.51
98,La Providencia,72,MX,1579878471,92,28.72,-111.58,50.0,1.99
99,Hasaki,75,JP,1579878471,81,35.73,140.83,44.6,8.05
100,Acajutla,8,SV,1579878464,73,13.59,-89.83,73.0,4.05
101,Awjilah,0,LY,1579878532,43,29.11,21.29,61.56,7.36
102,Cabo San Lucas,40,MX,1579878494,93,22.89,-109.91,60.01,6.93
103,Avarua,95,CK,1579878532,94,-21.21,-159.78,78.8,6.93
104,Xinyang,100,CN,1579878532,94,32.12,114.07,40.1,14.29
105,Fairbanks,90,US,1579878256,83,64.84,-147.72,-6.0,1.59
106,Kapaa,1,US,1579878532,77,22.08,-159.32,68.0,8.05
107,Ulvik,75,NO,1579878532,98,60.57,6.92,37.99,48.32
108,Acapulco de Juarez,20,MX,1579878445,88,16.86,-99.89,75.2,4.7
109,Wajir,100,KE,1579878532,35,1.75,40.06,94.8,9.13
110,Yumen,3,CN,1579878532,49,40.28,97.2,19.72,5.44
111,Bontang,99,ID,1579878533,83,0.13,117.5,81.82,12.53
112,Lompoc,40,US,1579878484,100,34.64,-120.46,55.99,13.58
113,Sakaraha,4,MG,1579878533,46,-22.9,44.53,83.91,9.13
114,Lebu,0,CL,1579878533,34,-37.62,-73.65,71.82,10.4
115,Nelson Bay,90,AU,1579878533,83,-32.72,152.15,77.0,8.05
116,Russell,90,US,1579878533,93,32.35,-85.2,57.0,3.36
117,Tuatapere,100,NZ,1579878533,94,-46.13,167.68,64.0,1.01
118,Bambous Virieux,75,MU,1579878533,88,-20.34,57.76,82.4,6.93
119,Vaini,40,TO,1579878534,83,-21.2,-175.2,78.8,8.05
120,Avera,90,US,1579878534,93,33.19,-82.53,55.4,8.05
121,Zhigansk,42,RU,1579878534,96,66.77,123.37,-42.07,8.14
122,Waycross,90,US,1579878496,87,31.21,-82.35,66.0,8.05
123,Tual,36,ID,1579878534,74,-5.67,132.75,83.75,7.23
124,Kondinskoye,60,RU,1579878534,97,59.65,67.41,3.02,8.39
125,Athabasca,100,CA,1579878379,82,54.72,-113.29,25.92,3.49
126,Subang,100,ID,1579878534,94,-7.13,108.53,73.17,1.83
127,Hervey Bay,90,AU,1579878535,78,-25.3,152.85,81.0,6.93
128,Opochka,100,RU,1579878535,88,56.71,28.66,40.6,10.83
129,Hong Kong,40,HK,1579878364,88,22.29,114.16,72.0,11.41
130,Shakawe,59,BW,1579878535,36,-18.37,21.85,89.22,2.98
131,Puerto Leguizamo,100,CO,1579878535,74,-0.19,-74.78,84.92,1.5
132,Kashima,99,JP,1579878535,66,33.11,130.09,55.0,8.05
133,Shingu,82,JP,1579878535,70,33.73,135.98,51.71,11.45
134,Lanivtsi,70,UA,1579878535,65,49.86,26.09,32.7,8.93
135,Black Forest,1,US,1579878535,42,39.01,-104.7,33.01,10.29
136,Upernavik,51,GL,1579878536,86,72.79,-56.15,-11.78,4.7
137,Mahebourg,75,MU,1579878536,88,-20.41,57.7,82.4,6.93
138,Liberty,75,US,1579878501,100,31.83,-81.5,62.01,5.82
139,Burnie,100,AU,1579878275,93,-41.07,145.92,59.0,3.0
140,Anchorage,90,US,1579878332,84,61.22,-149.9,8.6,4.7
141,Qaanaaq,0,GL,1579878536,54,77.48,-69.36,-10.75,8.12
142,Quatre Cocos,75,MU,1579878536,88,-20.21,57.76,82.4,6.93
143,Luderitz,0,NA,1579878536,47,-26.65,15.16,78.8,11.41
144,Tazovsky,96,RU,1579878536,95,67.47,78.7,5.36,8.68
145,Vestmannaeyjar,100,IS,1579878537,88,63.44,-20.27,36.66,18.23
146,Saint-Philippe,100,RE,1579878537,94,-21.36,55.77,82.4,19.46
147,Chokurdakh,0,RU,1579878537,87,70.63,147.92,-34.94,4.79
148,Pitea,33,SE,1579878537,74,65.32,21.48,34.0,11.41
149,Pskov,75,RU,1579878537,87,57.81,28.35,42.8,13.42
150,Srednekolymsk,100,RU,1579878597,95,67.45,153.68,-30.19,2.64
151,Pangody,91,RU,1579878597,96,65.85,74.49,7.0,4.72
152,Uray,71,RU,1579878598,95,60.12,64.78,6.98,6.93
153,Barkhan,1,PK,1579878598,61,29.9,69.53,48.58,3.09
154,Beitbridge,100,ZW,1579878598,44,-22.22,30.0,84.04,15.05
155,Esperance,90,AU,1579878598,93,-33.87,121.9,62.6,8.05
156,Port Elizabeth,33,ZA,1579878598,73,-33.92,25.57,73.4,20.8
157,Lagoa,100,PT,1579878598,63,39.05,-27.98,56.03,7.09
158,Salalah,40,OM,1579878433,74,17.02,54.09,78.8,9.17
159,Henties Bay,0,NA,1579878598,83,-22.12,14.28,72.0,5.01
160,Pevek,0,RU,1579878598,97,69.7,170.31,-27.8,3.29
161,Cidreira,20,BR,1579878599,74,-30.18,-50.21,73.96,14.41
162,Bluff,100,NZ,1579878599,94,-46.6,168.33,64.0,1.01
163,Jadu,51,LY,1579878599,20,31.95,12.03,70.36,6.53
164,Saldanha,0,ZA,1579878599,54,-33.01,17.94,78.8,6.93
165,Biltine,0,TD,1579878599,6,14.53,20.92,79.75,15.01
166,Flagstaff,1,US,1579878399,52,35.2,-111.65,44.6,11.41
167,Tupiza,27,BO,1579878599,35,-21.45,-65.72,61.74,7.23
168,Leh,96,IN,1579878599,50,34.17,77.58,-6.54,5.21
169,Itupiranga,75,BR,1579878599,74,-5.13,-49.33,86.0,8.05
170,Mount Isa,40,AU,1579878600,94,-20.73,139.5,77.0,6.93
171,Arraial do Cabo,90,BR,1579878600,94,-22.97,-42.03,73.4,5.82
172,Luanda,40,AO,1579878362,70,-8.84,13.23,87.8,11.41
173,Guerrero Negro,100,MX,1579878600,70,27.98,-114.06,58.15,2.55
174,Vinh Long,4,VN,1579878600,88,10.25,105.97,77.0,4.7
175,Strongsville,90,US,1579878600,55,41.31,-81.84,42.01,4.7
176,Tsogni,95,GA,1579878600,76,-2.79,10.1,83.66,10.69
177,Arosa,40,CH,1579878600,37,46.78,9.68,45.0,1.12
178,Tukums,90,LV,1579878424,87,56.97,23.16,44.6,6.93
179,Vanimo,97,PG,1579878600,78,-2.67,141.3,82.81,6.76
180,Skjervoy,75,NO,1579878601,69,70.03,20.97,33.8,8.05
181,Ilulissat,75,GL,1579878601,61,69.22,-51.1,14.0,1.12
182,Sulangan,1,PH,1579878601,84,11.14,123.72,80.51,14.45
183,Tari,0,NG,1579878601,6,12.41,4.49,91.65,18.21
184,Longyearbyen,20,SJ,1579878601,65,78.22,15.64,6.8,27.51
185,Kaitangata,100,NZ,1579878601,72,-46.28,169.85,68.0,10.07
186,Yerbogachen,100,RU,1579878601,97,61.28,108.01,-2.79,6.4
187,Wewak,98,PG,1579878601,88,-3.55,143.63,77.97,6.98
188,Xique-Xique,100,BR,1579878601,94,-10.82,-42.73,69.91,2.08
189,Yangi Marg`ilon,75,UZ,1579878601,80,40.43,71.72,39.2,4.7
190,Shelburne,90,CA,1579878602,64,44.08,-80.2,36.0,14.99
191,Waipawa,8,NZ,1579878602,77,-41.41,175.52,63.0,20.8
192,Warrnambool,67,AU,1579878413,88,-38.38,142.48,60.01,14.43
193,Goderich,100,CA,1579878602,95,43.75,-81.72,37.0,14.18
194,Kahului,1,US,1579878602,82,20.89,-156.47,69.01,6.93
195,Sao Joao da Barra,90,BR,1579878303,100,-21.64,-41.05,77.0,4.7
196,Kwang Binh,97,VN,1579878602,91,17.48,106.6,71.02,4.85
197,Keetmanshoop,0,NA,1579878602,6,-26.58,18.13,95.0,11.41
198,Namie,84,JP,1579878603,52,37.48,141.0,41.0,1.99
199,Hirtshals,45,DK,1579878603,89,57.59,9.96,44.01,7.0
200,Port Macquarie,90,AU,1579878663,94,-31.43,152.92,75.0,3.11
201,Oussouye,32,SN,1579878663,26,12.48,-16.55,93.2,6.93
202,Nizwa,58,OM,1579878663,54,22.93,57.53,66.96,2.39
203,Half Moon Bay,90,US,1579878663,93,37.46,-122.43,51.01,3.4
204,Soyo,75,AO,1579878664,74,-6.13,12.37,84.2,3.36
205,Wanaka,100,NZ,1579878664,91,-44.7,169.15,54.1,8.19
206,Fort Morgan,1,US,1579878664,73,40.25,-103.8,30.2,8.05
207,Castro,33,BR,1579878664,54,-24.79,-50.01,75.07,6.17
208,Butaritari,100,KI,1579878664,76,3.07,172.79,83.79,8.88
209,Chute-aux-Outardes,1,CA,1579878664,72,49.12,-68.4,21.0,4.7
210,Kanpur,2,IN,1579878571,82,26.47,80.35,55.4,5.28
211,Yar-Sale,99,RU,1579878664,96,66.83,70.83,4.91,6.22
212,Narsaq,90,GL,1579878665,79,60.92,-46.05,26.6,1.12
213,Okha,100,RU,1579878665,95,53.57,142.95,0.5,11.88
214,Kochubey,50,RU,1579878665,48,44.39,46.58,29.17,12.57
215,Port Moresby,40,PG,1579878665,75,-9.44,147.18,83.68,4.54
216,Sydney Mines,75,CA,1579878665,80,46.24,-60.22,35.01,4.7
217,Baghdad,75,IQ,1579878514,62,33.34,44.4,55.4,18.34
218,Ust'-Omchug,95,RU,1579878665,100,61.15,149.63,-37.48,4.76
219,Ponta do Sol,40,PT,1579878666,52,32.67,-17.1,64.4,6.93
220,Isangel,83,VU,1579878666,85,-19.55,169.27,76.77,14.63
221,La Rioja,40,ES,1579878666,81,42.25,-2.5,48.2,1.12
222,Sistranda,75,NO,1579878666,64,63.73,8.83,37.4,38.03
223,Provincia de Ciudad Real,40,ES,1579878666,66,39.0,-4.0,53.01,5.82
224,Mount Gambier,90,AU,1579878666,93,-37.83,140.77,60.8,9.17
225,Sitka,90,US,1579878666,100,57.05,-135.33,33.8,13.87
226,Lagos,92,NG,1579878657,32,6.58,3.75,93.2,9.17
227,Iracoubo,100,GF,1579878666,79,5.48,-53.2,79.32,12.03
228,Porto Murtinho,31,BR,1579878666,49,-21.7,-57.88,89.37,6.71
229,Labuhan,75,ID,1579878667,85,-6.88,112.21,77.81,1.66
230,Vila Velha,90,BR,1579878667,88,-20.33,-40.29,80.01,13.87
231,Beyneu,97,KZ,1579878667,84,45.32,55.2,29.52,15.32
232,Mizque,37,BO,1579878667,59,-17.94,-65.34,66.76,5.53
233,Devils Lake,90,US,1579878667,100,48.11,-98.87,19.4,6.93
234,Qashyr,100,KZ,1579878667,95,53.07,76.1,31.06,14.94
235,Souillac,75,MU,1579878667,88,-20.52,57.52,81.0,6.93
236,Lorengau,2,PG,1579878667,70,-2.02,147.27,83.97,6.04
237,Morondava,15,MG,1579878667,80,-20.28,44.28,83.86,3.22
238,Faanui,33,PF,1579878667,76,-16.48,-151.75,82.06,10.87
239,College,90,US,1579878668,83,64.86,-147.8,-5.8,2.91
240,Novouzensk,0,RU,1579878668,89,50.46,48.14,10.94,11.56
241,Samarai,1,PG,1579878668,89,-10.62,150.67,76.84,2.95
242,Prince Rupert,100,CA,1579878668,84,54.32,-130.32,43.32,14.99
243,Alakurtti,100,RU,1579878668,90,66.97,30.35,12.0,1.83
244,Vizianagaram,0,IN,1579878668,83,18.12,83.42,75.2,2.24
245,Alekseyevsk,100,RU,1579878668,96,57.84,108.35,9.99,5.61
246,Bambanglipuro,100,ID,1579878668,85,-7.95,110.28,77.0,2.51
247,Jian,100,CN,1579878565,91,27.12,114.98,48.63,6.13
248,Demba,100,CD,1579878669,37,-5.51,22.27,90.88,3.8
249,Bac Lieu,32,VN,1579878669,88,9.29,105.72,73.89,7.14
250,Ngunguru,0,NZ,1579878729,94,-35.62,174.5,62.01,1.99
251,Yellowknife,90,CA,1579878482,84,62.46,-114.35,5.0,10.29
252,Makat,84,KZ,1579878729,87,47.65,53.35,22.48,7.87
253,Hamilton,90,US,1579878561,93,39.18,-84.53,44.01,6.08
254,Tara,82,RU,1579878729,95,56.89,74.37,11.17,5.39
255,Jacareacanga,85,BR,1579878729,75,-6.22,-57.75,89.6,3.36
256,Ushtobe,100,KZ,1579878730,77,45.25,77.98,26.02,7.87
257,Madang,86,PG,1579878730,82,-5.22,145.8,82.6,14.52
258,Coquimbo,0,CL,1579878730,60,-29.95,-71.34,73.4,9.17
259,Barrow,1,US,1579878730,75,71.29,-156.79,-20.2,9.17
260,Pedernales,20,DO,1579878730,83,18.04,-71.74,77.0,9.17
261,Gimli,37,CA,1579878716,96,50.63,-96.99,5.77,4.94
262,Aklavik,90,CA,1579878730,83,68.22,-135.01,-4.0,12.75
263,Giyani,5,ZA,1579878660,51,-23.3,30.72,82.0,6.22
264,Lupi,75,PH,1579878730,88,13.53,123.15,76.35,6.08
265,Taunggyi,58,MM,1579878730,66,20.78,97.03,54.32,3.87
266,Vaitape,33,PF,1579878731,76,-16.52,-151.75,82.06,10.87
267,Namatanai,22,PG,1579878731,78,-3.67,152.43,82.99,9.08
268,Severo-Kuril'sk,83,RU,1579878731,87,50.68,156.12,13.87,13.4
269,Diapaga,0,BF,1579878731,5,12.07,1.79,95.16,13.4
270,Grand-Santi,100,GF,1579878731,44,4.25,-54.38,89.71,4.21
271,Homer,20,US,1579878731,60,59.64,-151.55,17.6,5.82
272,Mahates,40,CO,1579878731,70,10.23,-75.19,86.0,6.93
273,Suntar,100,RU,1579878732,97,62.14,117.63,-20.2,5.32
274,Chato,80,TZ,1579878732,59,-2.64,31.77,76.55,11.03
275,Airai,100,TL,1579878732,93,-8.93,125.41,68.04,2.15
276,Semey,99,KZ,1579878732,79,50.41,80.23,24.8,22.37
277,Maumere,9,ID,1579878732,81,-8.62,122.21,77.95,3.11
278,Lazarev,100,RU,1579878732,93,52.23,141.51,0.61,8.14
279,Buala,9,SB,1579878732,83,-8.14,159.59,79.88,5.64
280,Boundiali,0,CI,1579878732,6,9.52,-6.49,99.66,10.36
281,Wasilla,75,US,1579878733,76,61.58,-149.44,8.6,4.03
282,Puerto Narino,75,CO,1579878733,100,-3.77,-70.38,75.2,3.36
283,Bilma,0,NE,1579878733,7,18.69,12.92,78.51,10.31
284,Plavsk,100,RU,1579878733,96,53.71,37.29,30.27,16.42
285,Sorong,2,ID,1579878733,87,-0.88,131.25,73.36,2.26
286,Adwa,43,ET,1579878733,25,14.16,38.9,71.02,16.46
287,Abnub,0,EG,1579878733,39,27.27,31.15,61.23,13.65
288,Kodiak,1,US,1579878733,56,57.79,-152.41,15.8,20.8
289,Khotynets,100,RU,1579878733,95,53.13,35.4,33.35,17.2
290,Westport,75,US,1579878734,64,41.14,-73.36,44.01,5.61
291,Portland,90,US,1579878488,93,45.52,-122.68,52.0,5.3
292,Kavieng,0,PG,1579878734,66,-2.57,150.8,83.7,6.2
293,Walvis Bay,0,NA,1579878734,47,-22.96,14.51,78.8,14.99
294,Ancud,40,CL,1579878734,72,-41.87,-73.82,62.6,12.75
295,Valparaiso,31,CL,1579878734,64,-33.04,-71.63,69.8,6.93
296,Waldoboro,1,US,1579878735,69,44.1,-69.38,37.99,11.41
297,Tabou,78,CI,1579878738,65,4.42,-7.35,87.35,6.76
298,Mlowo,97,TZ,1579878738,89,-9.0,32.98,69.46,3.58
299,Norman Wells,90,CA,1579878738,76,65.28,-126.83,-5.8,4.7
300,Panguna,67,PG,1579878798,95,-6.32,155.48,70.52,0.76
301,Boyany,31,UA,1579878798,48,48.27,26.13,42.8,4.7
302,Roald,75,NO,1579878798,80,62.58,6.13,39.2,18.34
303,Khovu-Aksy,100,RU,1579878798,83,51.13,93.6,1.15,10.38
304,Nabire,98,ID,1579878798,97,-3.37,135.48,73.85,1.45
305,Llanes,94,ES,1579878799,10,43.42,-4.75,54.0,4.63
306,Porto-Novo,40,BJ,1579878799,52,6.5,2.6,91.4,6.93
307,Meadow Lake,1,US,1579878799,100,34.8,-106.54,36.0,1.63
308,Guasdualito,40,VE,1579878799,65,7.24,-70.73,82.4,8.84
309,Nyandoma,100,RU,1579878799,95,61.67,40.2,29.25,10.67
310,Midyat,90,TR,1579878799,60,37.42,41.34,39.2,6.93
311,Olinda,75,BR,1579878799,66,-8.01,-34.86,86.0,8.05
312,San Cristobal,72,VE,1579878799,65,7.77,-72.22,67.1,2.48
313,Nanortalik,100,GL,1579878800,80,60.14,-45.24,29.17,1.74
314,Talnakh,90,RU,1579878800,84,69.49,88.4,6.8,15.66
315,Vilhena,100,BR,1579878800,83,-12.74,-60.15,78.8,11.41
316,Marawi,15,PH,1579878800,88,8.0,124.29,78.01,3.0
317,Trinidad,40,BO,1579878800,79,-14.83,-64.9,86.0,4.7
318,Mahajanga,40,MG,1579878800,88,-15.72,46.32,82.4,12.75
319,Berlevag,100,NO,1579878800,76,70.86,29.09,27.05,16.55
320,Tocopilla,74,CL,1579878800,55,-22.09,-70.2,71.37,6.71
321,Honiton,75,GB,1579878800,93,50.8,-3.19,45.0,1.83
322,Grindavik,75,IS,1579878801,88,63.84,-22.43,32.0,8.05
323,Nioro,95,GM,1579878801,11,13.35,-15.75,104.45,8.12
324,Lata,20,PT,1579878801,71,40.16,-8.33,63.0,9.17
325,Otane,0,NZ,1579878801,92,-39.88,176.63,52.0,1.74
326,Nishihara,75,JP,1579878801,88,26.18,127.76,71.6,2.24
327,Deputatsky,4,RU,1579878801,95,69.3,139.9,-35.97,2.24
328,Pochutla,90,MX,1579878801,78,15.74,-96.47,75.0,8.32
329,Mehamn,100,NO,1579878801,89,71.04,27.85,17.33,9.95
330,Orange,1,US,1579878591,87,33.7,-117.77,57.0,1.57
331,Constitucion,2,CL,1579878802,40,-35.33,-72.42,71.87,6.69
332,Khatanga,100,RU,1579878802,89,71.97,102.5,-28.95,8.01
333,Kalengwa,79,ZM,1579878802,77,-13.47,25.0,71.92,5.97
334,Alice Springs,47,AU,1579878802,28,-23.7,133.88,80.6,5.82
335,Saint Lawrence,75,MT,1579878802,82,36.06,14.2,60.01,19.46
336,Malumfashi,35,NG,1579878802,8,11.79,7.62,84.15,17.98
337,Kokkola,0,FI,1579878802,80,63.83,23.08,34.0,8.05
338,Norrtaelje,0,SE,1579878802,75,59.76,18.7,43.0,11.41
339,Haines Junction,100,CA,1579878802,98,60.75,-137.51,-4.92,6.96
340,Quelimane,90,MZ,1579878803,69,-17.88,36.89,80.87,10.04
341,Fort-Shevchenko,96,KZ,1579878803,55,44.51,50.26,28.49,20.92
342,Saint-Augustin,0,CA,1579878803,71,51.23,-58.65,4.19,18.37
343,Silifke,0,TR,1579878803,37,36.38,33.93,36.61,17.43
344,San Policarpo,2,PH,1579878803,87,12.18,125.51,79.47,10.51
345,Todos Santos,40,MX,1579878803,82,23.45,-110.22,61.0,5.82
346,Payakumbuh,13,ID,1579878803,97,-0.22,100.63,68.77,0.45
347,Bridlington,75,GB,1579878803,76,54.08,-0.19,51.01,6.93
348,Vila,40,PT,1579878803,51,42.03,-8.16,61.0,1.12
349,La Ronge,20,CA,1579878804,92,55.1,-105.28,17.6,4.7
350,Broome,1,US,1579878864,41,42.25,-75.83,39.2,10.29
351,Porto Santo,40,PT,1579878865,63,33.07,-16.34,64.4,19.46
352,Te Anau,100,NZ,1579878865,98,-45.42,167.72,58.08,0.51
353,Presque Isle,1,US,1579878865,63,46.68,-68.02,28.4,11.41
354,Anloga,15,GH,1579878865,55,5.79,0.9,91.4,10.29
355,Vanavara,100,RU,1579878866,95,60.34,102.28,8.2,5.88
356,Segou,98,ML,1579878868,5,13.43,-6.22,96.78,18.34
357,Caravelas,100,BR,1579878868,81,-17.71,-39.25,80.08,25.32
358,Zwijndrecht,90,NL,1579878868,93,51.82,4.63,41.0,10.29
359,Bijar,100,IR,1579878868,95,35.87,47.61,22.37,4.07
360,Coyhaique,75,CL,1579878868,55,-45.58,-72.07,60.8,9.17
361,Huarmey,32,PE,1579878868,54,-10.07,-78.15,79.99,6.4
362,Labrea,92,BR,1579878868,75,-7.26,-64.8,84.38,1.36
363,Guijalo,12,PH,1579878869,81,13.74,123.87,80.08,13.76
364,Huaicheng,100,CN,1579878869,71,23.91,112.19,63.43,2.89
365,Batemans Bay,95,AU,1579878869,92,-35.72,150.18,64.99,1.01
366,Medicine Hat,90,CA,1579878869,79,50.05,-110.67,36.0,8.05
367,Inhambane,40,MZ,1579878869,54,-23.86,35.38,84.2,12.75
368,Whitley Bay,20,GB,1579878642,76,55.04,-1.45,50.0,5.82
369,Lubao,90,PH,1579878869,88,14.92,120.55,79.0,2.24
370,Santa Marinella,75,IT,1579878869,71,42.03,11.85,55.4,11.41
371,Preobrazheniye,0,RU,1579878870,59,42.9,133.91,6.8,6.02
372,Abu Samrah,0,SY,1579878870,49,35.3,37.18,40.62,13.89
373,Gigaquit,0,PH,1579878870,85,9.59,125.7,77.7,5.75
374,Tchollire,85,CM,1579878870,5,8.4,14.17,92.62,4.9
375,Portree,93,GB,1579878870,81,57.41,-6.19,46.99,11.01
376,Brenes,75,ES,1579878870,87,37.55,-5.87,57.2,2.24
377,Makakilo City,1,US,1579878870,100,21.35,-158.09,69.8,4.7
378,Ulfborg,75,DK,1579878870,93,56.27,8.32,46.4,10.29
379,Hualmay,16,PE,1579878870,53,-11.1,-77.61,80.22,7.45
380,Linxia,90,CN,1579878871,79,35.6,103.21,19.99,0.56
381,Port-Gentil,40,GA,1579878871,70,-0.72,8.78,91.4,10.29
382,Lavrentiya,0,RU,1579878871,80,65.58,-171.0,-16.55,3.04
383,Mandera,100,KE,1579878871,29,3.94,41.87,96.8,11.5
384,Ishigaki,33,JP,1579878871,79,24.34,124.16,72.01,11.36
385,Ust-Tsilma,95,RU,1579878871,97,65.44,52.15,2.16,3.13
386,Mersa Matruh,75,EG,1579878872,54,31.35,27.25,57.2,13.87
387,Cayhagan,0,PH,1579878872,82,9.67,122.43,79.25,6.69
388,Sept-Iles,20,CA,1579878872,51,50.2,-66.38,12.2,2.24
389,Magadan,0,RU,1579878872,75,59.57,150.8,-16.33,11.1
390,General Pico,89,AR,1579878764,16,-35.66,-63.76,93.42,8.59
391,Havre-Saint-Pierre,1,CA,1579878872,55,50.23,-63.6,10.4,9.17
392,Ostrovnoy,100,RU,1579878872,86,68.05,39.51,10.26,5.48
393,Swakopmund,9,NA,1579878872,47,-22.68,14.53,78.8,16.11
394,Maragogi,67,BR,1579878872,77,-9.01,-35.22,81.81,13.62
395,Comodoro Rivadavia,100,AR,1579878786,37,-45.87,-67.5,68.0,24.16
396,Praia da Vitoria,90,PT,1579878873,76,38.73,-27.07,57.2,6.98
397,Quang Ngai,50,VN,1579878873,80,15.12,108.8,74.52,8.7
398,Ormara,0,PK,1579878873,50,25.21,64.64,71.47,4.41
399,Muriti,75,TZ,1579878873,83,-1.98,32.92,71.6,6.93
400,Noumea,75,NC,1579878933,78,-22.28,166.46,79.0,2.24
401,Umm Lajj,0,SA,1579878933,60,25.02,37.27,60.71,10.38
402,Oktyabrskiy,82,RU,1579878933,95,54.48,53.47,5.95,9.1
403,Pangnirtung,20,CA,1579878934,67,66.15,-65.71,-27.4,4.83
404,Palmer,1,US,1579878667,40,42.16,-72.33,41.0,1.95
405,Normandin,90,CA,1579878934,72,48.83,-72.53,15.8,2.24
406,Tairua,0,NZ,1579878934,82,-37.02,175.85,64.0,9.89
407,Xining,14,CN,1579878934,82,36.62,101.77,15.44,1.9
408,San Quintin,100,MX,1579878934,92,30.48,-115.95,56.3,4.92
409,Palekastro,0,GR,1579878934,52,35.2,26.25,53.01,18.01
410,Daman,0,IN,1579878934,48,20.42,72.85,73.58,5.01
411,Maracaibo,100,VE,1579878935,65,10.63,-71.64,83.84,11.39
412,Sao Filipe,4,CV,1579878922,70,14.9,-24.5,74.17,14.85
413,Znamenskoye,100,RU,1579878935,94,57.13,73.83,11.23,5.06
414,Fonte Boa,100,BR,1579878935,72,-2.5,-66.27,81.0,2.1
415,Maniitsoq,100,GL,1579878935,81,65.42,-52.9,13.1,20.49
416,Sovetskiy,0,RU,1579878935,93,61.36,63.58,5.32,5.68
417,Kodarma,3,IN,1579878935,50,24.47,85.6,54.68,2.13
418,Mubi,2,NG,1579878935,7,10.27,13.26,82.09,12.17
419,Ormond Beach,5,US,1579878935,77,29.29,-81.06,70.0,8.05
420,Dillon,40,US,1579878936,87,34.42,-79.37,55.0,5.82
421,La Palma,1,US,1579878936,81,33.85,-118.05,55.99,1.68
422,Hobyo,94,SO,1579878933,74,5.35,48.53,81.05,20.45
423,Mata,100,PT,1579878936,65,40.68,-7.46,54.0,1.01
424,Katherine,40,AU,1579878936,88,-14.47,132.27,78.8,5.82
425,Smoky Lake,50,CA,1579878936,96,54.12,-112.47,10.99,1.01
426,Iskateley,99,RU,1579878936,99,67.68,53.15,-4.72,6.29
427,Skelleftea,20,SE,1579878936,80,64.75,20.95,34.0,8.05
428,Atherton,75,GB,1579878936,93,53.52,-2.49,46.99,4.7
429,Merauke,100,ID,1579878936,78,-8.47,140.33,80.31,2.37
430,Grants Pass,90,US,1579878720,100,42.44,-123.33,46.0,2.33
431,Naze,90,JP,1579878937,94,28.37,129.48,69.8,8.05
432,Lososina,100,RU,1579878937,64,49.0,140.31,2.97,14.03
433,Grand Gaube,75,MU,1579878937,88,-20.01,57.66,81.0,6.93
434,Mitu,100,CO,1579878937,52,1.2,-70.17,90.5,2.84
435,Muli,99,MV,1579878937,83,2.92,73.57,82.89,17.83
436,San Francisco,75,US,1579878891,81,37.77,-122.42,52.0,3.36
437,San Joaquin,18,VE,1579878937,86,10.26,-67.79,73.85,2.66
438,Senanga,99,ZM,1579878937,45,-16.12,23.27,85.87,6.31
439,Mandalgovi,0,MN,1579878938,67,45.76,106.27,7.7,11.95
440,Kiama,90,AU,1579878938,100,-34.68,150.87,73.0,13.65
441,Ferrol,100,ES,1579878938,62,43.48,-8.24,57.2,5.82
442,Ust'-Ishim,77,RU,1579878938,95,57.69,71.17,8.58,5.95
443,Deori Khas,12,IN,1579878938,35,23.4,79.02,60.91,3.4
444,Hargeisa,99,SO,1579878938,84,9.56,44.06,65.07,16.55
445,Oga,40,IT,1579878938,37,46.46,10.35,37.4,1.12
446,Bandundu,2,CD,1579878938,39,-3.32,17.37,92.97,6.49
447,Champerico,20,GT,1579878938,78,14.3,-91.92,73.4,4.7
448,Kavaratti,32,IN,1579878939,67,10.57,72.64,82.62,3.33
449,Santa Cruz Cabralia,75,BR,1579878939,66,-16.28,-39.02,84.2,11.41
450,Havelock,75,US,1579878787,81,34.88,-76.9,60.01,6.93
451,Dingle,13,PH,1579878999,93,11.0,122.67,74.62,9.55
452,Plouzane,20,FR,1579878999,81,48.38,-4.62,48.2,10.29
453,Namanyere,100,TZ,1579878999,90,-7.52,31.05,70.47,1.48
454,Panzhihua,0,CN,1579878999,71,26.59,101.71,40.1,0.98
455,Skovorodino,100,RU,1579878999,93,53.98,123.92,-18.6,0.87
456,Mumford,0,GH,1579879000,38,5.26,-0.76,95.05,11.54
457,Concarneau,90,FR,1579879000,70,47.88,-3.92,48.2,6.93
458,Saint George,1,US,1579879000,74,37.1,-113.58,37.99,3.36
459,Corbeni,0,RO,1579879000,55,45.3,24.65,34.0,4.7
460,Pisco,90,PE,1579879000,30,-13.7,-76.22,71.6,5.82
461,Natal,75,BR,1579878969,70,-5.79,-35.21,86.0,11.41
462,Muncar,29,ID,1579879000,69,-8.43,114.33,84.49,2.95
463,Nsanje,10,MW,1579879000,81,-16.92,35.26,81.5,4.7
464,North Bend,40,US,1579879000,93,43.41,-124.22,53.01,5.7
465,Baoying,100,CN,1579879000,75,33.23,119.31,41.7,9.48
466,Mackay,40,AU,1579879001,94,-21.15,149.2,80.6,1.12
467,Loukhi,100,RU,1579879001,95,66.08,33.04,14.88,5.53
468,Pacific Grove,1,US,1579879001,87,36.62,-121.92,51.01,6.93
469,Victor Harbor,75,AU,1579879001,77,-35.57,138.62,66.2,1.12
470,Grand-Lahou,0,CI,1579879001,79,5.14,-5.02,82.62,11.18
471,Kiunga,64,PG,1579879001,98,-6.12,141.29,74.39,1.86
472,Avanuorri,40,NO,1579878943,77,71.0,24.66,32.0,17.22
473,Paciran,26,ID,1579879001,85,-6.88,112.38,78.51,2.04
474,Wilayat-e Zabul,100,AF,1579879002,99,32.25,67.25,31.3,2.15
475,Ciudad Bolivar,0,VE,1579879002,50,8.12,-63.55,86.0,8.1
476,Itarema,24,BR,1579879002,51,-2.92,-39.92,90.81,13.4
477,Bondo,76,CD,1579879002,11,3.81,23.69,95.56,2.48
478,Santiago del Estero,59,AR,1579879002,34,-27.8,-64.26,87.4,8.57
479,Koungou,75,YT,1579879002,100,-12.73,45.2,77.0,12.75
480,The Valley,20,AI,1579878764,74,18.22,-63.06,80.6,6.93
481,Siparia,40,TT,1579879002,74,10.13,-61.5,86.0,5.82
482,Bud,90,US,1579879002,100,39.45,-86.18,43.0,8.05
483,Qaqortoq,90,GL,1579879002,79,60.72,-46.03,26.6,1.12
484,Bubaque,21,GW,1579878940,55,11.28,-15.83,81.37,14.27
485,Arrondissement de Dole,20,FR,1579879003,100,47.08,5.5,46.0,3.36
486,Songkhla,20,TH,1579879003,83,6.83,100.67,75.2,6.93
487,Hofn,20,IS,1579879003,68,64.25,-15.21,28.4,3.36
488,Bengkulu,100,ID,1579878921,95,-3.8,102.27,74.71,4.9
489,Beloha,0,MG,1579879003,53,-25.17,45.05,77.77,17.09
490,Tautira,0,PF,1579879003,83,-17.73,-149.15,77.0,3.36
491,Vardo,75,NO,1579879003,79,70.37,31.11,24.8,14.99
492,Moose Factory,1,CA,1579879003,84,51.26,-80.61,6.8,5.82
493,Nome,1,US,1579878852,75,64.5,-165.41,-18.4,7.09
494,Booue,100,GA,1579879003,44,-0.09,11.94,90.79,4.54
495,Verkhoyansk,0,RU,1579879004,88,67.54,133.38,-43.94,1.48
496,Bumba,41,CD,1579879004,14,2.18,22.47,96.01,1.61
497,Agirish,0,RU,1579879004,92,61.92,63.02,5.32,6.73
498,Bayburt,84,TR,1579879004,95,40.26,40.23,6.76,7.9
499,Mossamedes,20,AO,1579879004,65,-15.2,12.15,80.6,14.99
500,Ilfracombe,90,GB,1579879064,93,51.21,-4.11,46.99,1.12
501,Taoudenni,100,ML,1579879064,11,22.68,-3.98,87.73,8.32
502,Palana,100,RU,1579879065,96,59.12,159.97,-5.46,7.63
503,Marquette,90,US,1579879065,98,46.53,-87.63,33.01,8.05
504,Cabedelo,75,BR,1579878950,62,-6.98,-34.83,87.8,11.41
505,Dwarka,0,IN,1579878924,56,22.24,68.97,73.33,13.71
506,Aswan,0,EG,1579879065,27,24.09,32.91,64.67,13.8
507,Yinchuan,0,CN,1579879065,57,38.47,106.27,25.36,3.18
508,Ayan,98,RU,1579879065,75,56.45,138.17,-16.42,7.87
509,Scarborough,40,GB,1579878832,76,54.28,-0.4,52.0,6.93
510,Xichang,100,CN,1579879066,94,27.9,102.26,24.53,6.24
511,Buin,45,CL,1579879066,50,-33.73,-70.75,75.2,4.7
512,Shadegan,0,IR,1579879066,51,30.65,48.66,60.8,8.7
513,Mikhaylovka,48,RU,1579879066,78,50.06,43.24,23.0,1.99
514,Gilgit,100,PK,1579879066,77,35.92,74.31,9.66,3.33
515,Baijiantan,0,CN,1579879066,94,45.63,85.18,9.72,4.25
516,Tianpeng,100,CN,1579879066,66,30.99,103.94,48.2,5.19
517,Kang,70,BW,1579879066,38,-23.68,22.79,83.48,9.46
518,Saint Anthony,90,US,1579879066,86,45.02,-93.22,30.2,9.17
519,Tolaga Bay,0,NZ,1579879067,87,-38.37,178.3,65.55,4.23
520,Wajima,92,JP,1579879067,58,37.4,136.9,39.31,15.64
521,Barinas,59,VE,1579879067,52,8.62,-70.21,87.55,6.62
522,Jishou,100,CN,1579879067,97,28.32,109.72,40.66,1.63
523,Oistins,0,BB,1579878799,77,13.07,-59.53,80.87,18.25
524,Saryg-Sep,40,RU,1579879067,84,51.5,95.6,1.9,2.62
525,Dourbali,0,TD,1579879067,6,11.81,15.86,86.49,13.56
526,Flin Flon,75,CA,1579879067,92,54.77,-101.86,8.6,4.7
527,Northam,75,GB,1579879068,93,51.03,-4.22,44.01,3.36
528,Ola,0,RU,1579879068,72,59.58,151.28,-21.8,8.5
529,Mana,100,GF,1579879068,66,5.66,-53.78,82.15,4.7
530,Teacapan,25,MX,1579879068,82,22.55,-105.75,67.39,1.21
531,Spitsevka,20,RU,1579879068,79,45.12,42.51,23.0,15.66
532,Neryungri,86,RU,1579879068,93,56.67,124.65,-19.19,3.09
533,Aloja,100,LV,1579879068,95,57.77,24.88,41.0,4.0
534,Yoichi,100,JP,1579879068,44,43.2,140.77,19.99,3.0
535,Pasni,0,PK,1579879069,59,25.26,63.47,68.56,4.16
536,Nambucca Heads,55,AU,1579879069,88,-30.65,153.0,75.99,5.82
537,Latung,0,PH,1579879069,80,5.5,120.88,82.15,8.41
538,Richards Bay,0,ZA,1579879069,75,-28.78,32.04,78.46,30.89
539,Manama,20,BH,1579878888,63,26.22,50.58,60.8,8.05
540,Ugoofaaru,87,MV,1579879069,79,5.67,73.0,82.89,19.55
541,Bow Island,90,CA,1579879069,82,49.87,-111.37,36.0,8.05
542,Presidencia Roque Saenz Pena,0,AR,1579879069,42,-26.79,-60.44,89.2,4.23
543,OEstersund,90,SE,1579879070,92,63.18,14.64,32.0,25.28
544,Puri,20,IN,1579878789,78,19.8,85.85,71.6,5.82
545,Leningradskiy,0,RU,1579879070,71,69.38,178.42,-23.78,3.67
546,Ambilobe,100,MG,1579879070,90,-13.2,49.05,77.25,4.65
547,Provincia di Mantova,20,IT,1579879070,65,45.17,10.78,46.99,3.36
548,Port-Cartier,20,CA,1579879070,51,50.03,-66.87,12.2,2.24
549,Turukhansk,99,RU,1579879070,92,65.82,87.98,10.69,13.65
550,Matagami,90,CA,1579879130,85,49.75,-77.63,10.4,10.29
551,Les Cayes,0,HT,1579879130,67,18.2,-73.75,77.31,6.51
552,Trincomalee,4,LK,1579879131,93,8.57,81.23,73.76,3.06
553,Ketchikan,90,US,1579878868,87,55.34,-131.65,46.4,13.87
554,Husavik,75,IS,1579878938,77,66.04,-17.34,32.0,14.99
555,Nemuro,34,JP,1579879131,66,43.32,145.57,20.48,28.12
556,Rodolfo Sanchez Taboada,100,MX,1579879131,60,31.72,-116.57,53.65,1.74
557,Yaan,93,NG,1579879131,5,7.38,8.57,98.19,11.01
558,Taihe,98,CN,1579879131,72,30.87,105.38,42.8,7.09
559,High Rock,75,BS,1579879131,78,26.62,-78.28,73.4,8.05
560,Mabaruma,31,GY,1579879131,56,8.2,-59.78,85.24,4.34
561,Tello,90,CO,1579879132,65,3.07,-75.14,82.4,5.82
